from_symbol,to_symbol,date,close_rate
INR,EUR,2024-10-04,0.0107
INR,EUR,2024-10-03,0.01079
INR,EUR,2024-10-02,0.01079
INR,EUR,2024-10-01,0.01076
INR,EUR,2024-09-30,0.01072
INR,EUR,2024-09-27,0.0107
INR,EUR,2024-09-26,0.0107
INR,EUR,2024-09-25,0.01074
INR,EUR,2024-09-24,0.0107
INR,EUR,2024-09-23,0.01077
INR,EUR,2024-09-20,0.01072
INR,EUR,2024-09-19,0.01071
INR,EUR,2024-09-18,0.01074
INR,EUR,2024-09-17,0.01074
INR,EUR,2024-09-16,0.01071
INR,EUR,2024-09-13,0.01076
INR,EUR,2024-09-12,0.01077
INR,EUR,2024-09-11,0.0108
INR,EUR,2024-09-10,0.0108
INR,EUR,2024-09-09,0.01079
INR,EUR,2024-09-06,0.01074
INR,EUR,2024-09-05,0.01072
INR,EUR,2024-09-04,0.01074
INR,EUR,2024-09-03,0.01078
INR,EUR,2024-09-02,0.01077
INR,EUR,2024-08-30,0.01079
INR,EUR,2024-08-29,0.01076
INR,EUR,2024-08-28,0.01071
INR,EUR,2024-08-27,0.01065
INR,EUR,2024-08-26,0.01068
INR,EUR,2024-08-23,0.01066
INR,EUR,2024-08-22,0.01072
INR,EUR,2024-08-21,0.01069
INR,EUR,2024-08-20,0.01072
INR,EUR,2024-08-19,0.01075
INR,EUR,2024-08-16,0.01082
INR,EUR,2024-08-15,0.01085
INR,EUR,2024-08-14,0.01082
INR,EUR,2024-08-13,0.01084
INR,EUR,2024-08-12,0.0109
INR,EUR,2024-08-09,0.01091
INR,EUR,2024-08-08,0.01091
INR,EUR,2024-08-07,0.01091
INR,EUR,2024-08-06,0.0109
INR,EUR,2024-08-05,0.01086
INR,EUR,2024-08-02,0.01093
INR,EUR,2024-08-01,0.01106
INR,EUR,2024-07-31,0.01103
INR,EUR,2024-07-30,0.01104
INR,EUR,2024-07-29,0.01103
INR,EUR,2024-07-26,0.01099
INR,EUR,2024-07-25,0.01101
INR,EUR,2024-07-24,0.01101
INR,EUR,2024-07-23,0.011
INR,EUR,2024-07-22,0.01097
INR,EUR,2024-07-19,0.01097
INR,EUR,2024-07-18,0.01097
INR,EUR,2024-07-17,0.01094
INR,EUR,2024-07-16,0.01098
INR,EUR,2024-07-15,0.01098
INR,EUR,2024-07-12,0.01097
INR,EUR,2024-07-11,0.01102
INR,EUR,2024-07-10,0.01105
INR,EUR,2024-07-09,0.01107
INR,EUR,2024-07-08,0.01107
INR,EUR,2024-07-05,0.01105
INR,EUR,2024-07-04,0.01107
INR,EUR,2024-07-03,0.0111
INR,EUR,2024-07-02,0.01115
INR,EUR,2024-07-01,0.01116
INR,EUR,2024-06-28,0.01119
INR,EUR,2024-06-27,0.01119
INR,EUR,2024-06-26,0.0112
INR,EUR,2024-06-25,0.01118
INR,EUR,2024-06-24,0.01116
INR,EUR,2024-06-21,0.01119
INR,EUR,2024-06-20,0.01116
INR,EUR,2024-06-19,0.01115
INR,EUR,2024-06-18,0.01117
INR,EUR,2024-06-17,0.01115
INR,EUR,2024-06-14,0.01118
INR,EUR,2024-06-13,0.01114
INR,EUR,2024-06-12,0.01108
INR,EUR,2024-06-11,0.01113
INR,EUR,2024-06-10,0.01113
INR,EUR,2024-06-07,0.01108
INR,EUR,2024-06-06,0.011
INR,EUR,2024-06-05,0.01101
INR,EUR,2024-06-04,0.011
INR,EUR,2024-06-03,0.01103
INR,EUR,2024-05-31,0.01104
INR,EUR,2024-05-30,0.01108
INR,EUR,2024-05-29,0.0111
INR,EUR,2024-05-28,0.01107
INR,EUR,2024-05-27,0.01107
INR,EUR,2024-05-24,0.0111
INR,EUR,2024-05-23,0.0111
INR,EUR,2024-05-22,0.01109
INR,EUR,2024-05-21,0.01106
INR,EUR,2024-05-20,0.01105
USD,EUR,2024-10-04,0.9061
USD,EUR,2024-10-03,0.9066
USD,EUR,2024-10-02,0.9051
USD,EUR,2024-10-01,0.90384
USD,EUR,2024-09-30,0.89794
USD,EUR,2024-09-29,0.89527
USD,EUR,2024-09-26,0.89468
USD,EUR,2024-09-25,0.89839
USD,EUR,2024-09-24,0.89356
USD,EUR,2024-09-23,0.89995
USD,EUR,2024-09-22,0.89599
USD,EUR,2024-09-19,0.8959
USD,EUR,2024-09-18,0.8997
USD,EUR,2024-09-17,0.89903
USD,EUR,2024-09-16,0.89851
USD,EUR,2024-09-15,0.90184
USD,EUR,2024-09-12,0.9027
USD,EUR,2024-09-11,0.90819
USD,EUR,2024-09-10,0.90736
USD,EUR,2024-09-09,0.906
USD,EUR,2024-09-08,0.90194
USD,EUR,2024-09-05,0.9
USD,EUR,2024-09-04,0.90249
USD,EUR,2024-09-03,0.90507
USD,EUR,2024-09-02,0.90355
USD,EUR,2024-09-01,0.9054
USD,EUR,2024-08-29,0.90249
USD,EUR,2024-08-28,0.89888
USD,EUR,2024-08-27,0.89462
USD,EUR,2024-08-26,0.89568
USD,EUR,2024-08-25,0.89382
USD,EUR,2024-08-22,0.89951
USD,EUR,2024-08-21,0.89643
USD,EUR,2024-08-20,0.89864
USD,EUR,2024-08-19,0.902
USD,EUR,2024-08-18,0.90703
USD,EUR,2024-08-15,0.91135
USD,EUR,2024-08-14,0.908
USD,EUR,2024-08-13,0.90934
USD,EUR,2024-08-12,0.91439
USD,EUR,2024-08-11,0.91627
USD,EUR,2024-08-08,0.91611
USD,EUR,2024-08-07,0.91507
USD,EUR,2024-08-06,0.91523
USD,EUR,2024-08-05,0.91316
USD,EUR,2024-08-04,0.91652
USD,EUR,2024-08-01,0.92699
USD,EUR,2024-07-31,0.92388
USD,EUR,2024-07-30,0.92455
USD,EUR,2024-07-29,0.92426
USD,EUR,2024-07-28,0.92134
USD,EUR,2024-07-25,0.92155
USD,EUR,2024-07-24,0.92255
USD,EUR,2024-07-23,0.9216
USD,EUR,2024-07-22,0.91829
USD,EUR,2024-07-21,0.9175
USD,EUR,2024-07-18,0.9173
USD,EUR,2024-07-17,0.91406
USD,EUR,2024-07-16,0.91722
USD,EUR,2024-07-15,0.9173
USD,EUR,2024-07-14,0.91865
USD,EUR,2024-07-11,0.91973
USD,EUR,2024-07-10,0.92308
USD,EUR,2024-07-09,0.92466
USD,EUR,2024-07-08,0.92328
USD,EUR,2024-07-07,0.9237
USD,EUR,2024-07-04,0.92501
USD,EUR,2024-07-03,0.9265
USD,EUR,2024-07-02,0.93037
USD,EUR,2024-07-01,0.93135
USD,EUR,2024-06-30,0.93151
USD,EUR,2024-06-27,0.93384
USD,EUR,2024-06-26,0.93632
USD,EUR,2024-06-25,0.93374
USD,EUR,2024-06-24,0.93173
USD,EUR,2024-06-23,0.93565
USD,EUR,2024-06-20,0.93402
USD,EUR,2024-06-19,0.9301
USD,EUR,2024-06-18,0.9309
USD,EUR,2024-06-17,0.93104
USD,EUR,2024-06-16,0.93439
USD,EUR,2024-06-13,0.9312
USD,EUR,2024-06-12,0.9248
USD,EUR,2024-06-11,0.93107
USD,EUR,2024-06-10,0.929
USD,EUR,2024-06-09,0.92774
USD,EUR,2024-06-06,0.9179
USD,EUR,2024-06-05,0.91958
USD,EUR,2024-06-04,0.91896
USD,EUR,2024-06-03,0.91681
USD,EUR,2024-06-02,0.9214
USD,EUR,2024-05-30,0.9229
USD,EUR,2024-05-29,0.92577
USD,EUR,2024-05-28,0.9215
USD,EUR,2024-05-27,0.92065
USD,EUR,2024-05-26,0.92186
USD,EUR,2024-05-23,0.92484
USD,EUR,2024-05-22,0.92377
USD,EUR,2024-05-21,0.92122
USD,EUR,2024-05-20,0.92074
USD,EUR,2024-05-19,0.9195
CZK,EUR,2024-10-04,0.03941
CZK,EUR,2024-10-02,0.03944
CZK,EUR,2024-10-01,0.03952
CZK,EUR,2024-09-30,0.03963
CZK,EUR,2024-09-29,0.03976
CZK,EUR,2024-09-26,0.03975
CZK,EUR,2024-09-25,0.03973
CZK,EUR,2024-09-24,0.03984
CZK,EUR,2024-09-23,0.03976
CZK,EUR,2024-09-22,0.03986
CZK,EUR,2024-09-19,0.03982
CZK,EUR,2024-09-18,0.03984
CZK,EUR,2024-09-17,0.03981
CZK,EUR,2024-09-16,0.03972
CZK,EUR,2024-09-15,0.03975
CZK,EUR,2024-09-12,0.03978
CZK,EUR,2024-09-11,0.03983
CZK,EUR,2024-09-10,0.03987
CZK,EUR,2024-09-09,0.03989
CZK,EUR,2024-09-08,0.03993
CZK,EUR,2024-09-05,0.03993
CZK,EUR,2024-09-04,0.03989
CZK,EUR,2024-09-03,0.03979
CZK,EUR,2024-09-02,0.03991
CZK,EUR,2024-09-01,0.03991
CZK,EUR,2024-08-29,0.0399
CZK,EUR,2024-08-28,0.03986
CZK,EUR,2024-08-27,0.03996
CZK,EUR,2024-08-26,0.03991
CZK,EUR,2024-08-25,0.03989
CZK,EUR,2024-08-22,0.03983
CZK,EUR,2024-08-21,0.03985
CZK,EUR,2024-08-20,0.03973
CZK,EUR,2024-08-19,0.03972
CZK,EUR,2024-08-18,0.03967
CZK,EUR,2024-08-15,0.03961
CZK,EUR,2024-08-14,0.03974
CZK,EUR,2024-08-13,0.03968
CZK,EUR,2024-08-12,0.03969
CZK,EUR,2024-08-11,0.03959
CZK,EUR,2024-08-08,0.03956
CZK,EUR,2024-08-07,0.03955
CZK,EUR,2024-08-06,0.03952
CZK,EUR,2024-08-05,0.03951
CZK,EUR,2024-08-04,0.03949
CZK,EUR,2024-08-01,0.03948
CZK,EUR,2024-07-31,0.03929
CZK,EUR,2024-07-30,0.03932
CZK,EUR,2024-07-29,0.03934
CZK,EUR,2024-07-28,0.03943
CZK,EUR,2024-07-25,0.03938
CZK,EUR,2024-07-24,0.03934
CZK,EUR,2024-07-23,0.03936
CZK,EUR,2024-07-22,0.03957
CZK,EUR,2024-07-21,0.03961
CZK,EUR,2024-07-18,0.03956
CZK,EUR,2024-07-17,0.03955
CZK,EUR,2024-07-16,0.03945
CZK,EUR,2024-07-15,0.03937
CZK,EUR,2024-07-14,0.03945
CZK,EUR,2024-07-11,0.03938
CZK,EUR,2024-07-10,0.03936
CZK,EUR,2024-07-09,0.03954
CZK,EUR,2024-07-08,0.03969
CZK,EUR,2024-07-07,0.03969
CZK,EUR,2024-07-04,0.03977
CZK,EUR,2024-07-03,0.03974
CZK,EUR,2024-07-02,0.03972
CZK,EUR,2024-07-01,0.03972
CZK,EUR,2024-06-30,0.03989
CZK,EUR,2024-06-27,0.03988
CZK,EUR,2024-06-26,0.04011
CZK,EUR,2024-06-25,0.04025
CZK,EUR,2024-06-24,0.04016
CZK,EUR,2024-06-23,0.04008
CZK,EUR,2024-06-20,0.04013
CZK,EUR,2024-06-19,0.04013
CZK,EUR,2024-06-18,0.04023
CZK,EUR,2024-06-17,0.04043
CZK,EUR,2024-06-16,0.0404
CZK,EUR,2024-06-13,0.0404
CZK,EUR,2024-06-12,0.04052
CZK,EUR,2024-06-11,0.04042
CZK,EUR,2024-06-10,0.04058
CZK,EUR,2024-06-09,0.04055
CZK,EUR,2024-06-06,0.0407
CZK,EUR,2024-06-05,0.04059
CZK,EUR,2024-06-04,0.04043
CZK,EUR,2024-06-03,0.0405
CZK,EUR,2024-06-02,0.04049
CZK,EUR,2024-05-30,0.04041
CZK,EUR,2024-05-29,0.04039
CZK,EUR,2024-05-28,0.04052
CZK,EUR,2024-05-27,0.04048
CZK,EUR,2024-05-26,0.04057
CZK,EUR,2024-05-23,0.04041
CZK,EUR,2024-05-22,0.04043
CZK,EUR,2024-05-21,0.04041
CZK,EUR,2024-05-20,0.04043
CZK,EUR,2024-05-19,0.04047
GBP,EUR,2024-10-04,1.19375
GBP,EUR,2024-10-02,1.20074
GBP,EUR,2024-10-01,1.19954
GBP,EUR,2024-09-30,1.2008
GBP,EUR,2024-09-29,1.19809
GBP,EUR,2024-09-26,1.1994
GBP,EUR,2024-09-25,1.19623
GBP,EUR,2024-09-24,1.19972
GBP,EUR,2024-09-23,1.20136
GBP,EUR,2024-09-22,1.19284
GBP,EUR,2024-09-19,1.19007
GBP,EUR,2024-09-18,1.18784
GBP,EUR,2024-09-17,1.18373
GBP,EUR,2024-09-16,1.18694
GBP,EUR,2024-09-15,1.18462
GBP,EUR,2024-09-12,1.18535
GBP,EUR,2024-09-11,1.1836
GBP,EUR,2024-09-10,1.1868
GBP,EUR,2024-09-09,1.184
GBP,EUR,2024-09-08,1.18442
GBP,EUR,2024-09-05,1.18589
GBP,EUR,2024-09-04,1.1862
GBP,EUR,2024-09-03,1.1868
GBP,EUR,2024-09-02,1.1872
GBP,EUR,2024-09-01,1.18868
GBP,EUR,2024-08-29,1.18812
GBP,EUR,2024-08-28,1.18587
GBP,EUR,2024-08-27,1.18592
GBP,EUR,2024-08-26,1.1812
GBP,EUR,2024-08-25,1.1806
GBP,EUR,2024-08-22,1.17803
GBP,EUR,2024-08-21,1.17361
GBP,EUR,2024-08-20,1.17123
GBP,EUR,2024-08-19,1.1715
GBP,EUR,2024-08-18,1.17427
GBP,EUR,2024-08-15,1.17187
GBP,EUR,2024-08-14,1.16468
GBP,EUR,2024-08-13,1.16994
GBP,EUR,2024-08-12,1.16767
GBP,EUR,2024-08-11,1.16816
GBP,EUR,2024-08-08,1.16774
GBP,EUR,2024-08-07,1.16007
GBP,EUR,2024-08-06,1.1605
GBP,EUR,2024-08-05,1.16773
GBP,EUR,2024-08-04,1.172
GBP,EUR,2024-08-01,1.17992
GBP,EUR,2024-07-31,1.187
GBP,EUR,2024-07-30,1.18683
GBP,EUR,2024-07-29,1.18855
GBP,EUR,2024-07-28,1.18555
GBP,EUR,2024-07-25,1.1847
GBP,EUR,2024-07-24,1.19004
GBP,EUR,2024-07-23,1.18904
GBP,EUR,2024-07-22,1.18748
GBP,EUR,2024-07-21,1.18654
GBP,EUR,2024-07-18,1.18793
GBP,EUR,2024-07-17,1.1887
GBP,EUR,2024-07-16,1.19
GBP,EUR,2024-07-15,1.1897
GBP,EUR,2024-07-14,1.19114
GBP,EUR,2024-07-11,1.18847
GBP,EUR,2024-07-10,1.18635
GBP,EUR,2024-07-09,1.18246
GBP,EUR,2024-07-08,1.18318
GBP,EUR,2024-07-07,1.18288
GBP,EUR,2024-07-04,1.17984
GBP,EUR,2024-07-03,1.18122
GBP,EUR,2024-07-02,1.18047
GBP,EUR,2024-07-01,1.17768
GBP,EUR,2024-06-30,1.17816
GBP,EUR,2024-06-27,1.18084
GBP,EUR,2024-06-26,1.1815
GBP,EUR,2024-06-25,1.18432
GBP,EUR,2024-06-24,1.18154
GBP,EUR,2024-06-23,1.18239
GBP,EUR,2024-06-20,1.18246
GBP,EUR,2024-06-19,1.1831
GBP,EUR,2024-06-18,1.18323
GBP,EUR,2024-06-17,1.18369
GBP,EUR,2024-06-16,1.18499
GBP,EUR,2024-06-13,1.1878
GBP,EUR,2024-06-12,1.183
GBP,EUR,2024-06-11,1.18616
GBP,EUR,2024-06-10,1.18228
GBP,EUR,2024-06-09,1.1809
GBP,EUR,2024-06-06,1.17439
GBP,EUR,2024-06-05,1.17645
GBP,EUR,2024-06-04,1.17368
GBP,EUR,2024-06-03,1.1742
GBP,EUR,2024-06-02,1.17425
GBP,EUR,2024-05-30,1.1748
GBP,EUR,2024-05-29,1.17547
GBP,EUR,2024-05-28,1.17562
GBP,EUR,2024-05-27,1.17581
GBP,EUR,2024-05-26,1.1738
GBP,EUR,2024-05-23,1.1737
GBP,EUR,2024-05-22,1.1749
GBP,EUR,2024-05-21,1.17094
GBP,EUR,2024-05-20,1.17023
GBP,EUR,2024-05-19,1.16858
BTC,EUR,2024-10-04,54907.88
BTC,EUR,2024-10-03,55047.76
BTC,EUR,2024-10-02,54905.63
BTC,EUR,2024-10-01,54900.0
BTC,EUR,2024-09-30,56853.11
BTC,EUR,2024-09-29,58742.25
BTC,EUR,2024-09-28,58982.04
BTC,EUR,2024-09-27,58936.22
BTC,EUR,2024-09-26,58329.32
BTC,EUR,2024-09-25,56715.03
BTC,EUR,2024-09-24,57426.47
BTC,EUR,2024-09-23,57003.0
BTC,EUR,2024-09-22,56988.75
BTC,EUR,2024-09-21,56753.13
BTC,EUR,2024-09-20,56634.75
BTC,EUR,2024-09-19,56385.95
BTC,EUR,2024-09-18,55562.82
BTC,EUR,2024-09-17,54226.05
BTC,EUR,2024-09-16,52276.88
BTC,EUR,2024-09-15,53343.95
BTC,EUR,2024-09-14,54164.78
BTC,EUR,2024-09-13,54673.01
BTC,EUR,2024-09-12,52494.18
BTC,EUR,2024-09-11,52074.02
BTC,EUR,2024-09-10,52311.79
BTC,EUR,2024-09-09,51718.32
BTC,EUR,2024-09-08,49505.02
BTC,EUR,2024-09-07,48900.38
BTC,EUR,2024-09-06,48768.11
BTC,EUR,2024-09-05,50556.8
BTC,EUR,2024-09-04,52323.86
BTC,EUR,2024-09-03,52033.15
BTC,EUR,2024-09-02,53430.92
BTC,EUR,2024-09-01,51931.36
BTC,EUR,2024-08-31,53405.31
BTC,EUR,2024-08-30,53546.16
BTC,EUR,2024-08-29,53604.0
BTC,EUR,2024-08-28,53088.39
BTC,EUR,2024-08-27,53225.98
BTC,EUR,2024-08-26,56298.34
BTC,EUR,2024-08-25,57402.19
BTC,EUR,2024-08-24,57269.55
BTC,EUR,2024-08-23,57308.88
BTC,EUR,2024-08-22,54327.75
BTC,EUR,2024-08-21,54841.8
BTC,EUR,2024-08-20,53076.19
BTC,EUR,2024-08-19,53652.29
BTC,EUR,2024-08-18,53046.89
BTC,EUR,2024-08-17,54000.0
BTC,EUR,2024-08-16,53464.65
BTC,EUR,2024-08-15,52491.11
BTC,EUR,2024-08-14,53328.0
BTC,EUR,2024-08-13,55129.9
BTC,EUR,2024-08-12,54307.22
BTC,EUR,2024-08-11,53835.66
BTC,EUR,2024-08-10,55859.19
BTC,EUR,2024-08-09,55789.08
BTC,EUR,2024-08-08,56542.08
BTC,EUR,2024-08-07,50495.77
BTC,EUR,2024-08-06,51374.96
BTC,EUR,2024-08-05,49408.05
BTC,EUR,2024-08-04,53309.69
BTC,EUR,2024-08-03,55717.27
BTC,EUR,2024-08-02,56347.78
BTC,EUR,2024-08-01,60559.44
BTC,EUR,2024-07-31,59715.77
BTC,EUR,2024-07-30,61177.08
BTC,EUR,2024-07-29,61700.0
BTC,EUR,2024-07-28,62854.02
BTC,EUR,2024-07-27,62488.02
BTC,EUR,2024-07-26,62563.79
BTC,EUR,2024-07-25,60650.01
BTC,EUR,2024-07-24,60333.99
BTC,EUR,2024-07-23,60755.96
BTC,EUR,2024-07-22,62030.69
BTC,EUR,2024-07-21,62529.01
BTC,EUR,2024-07-20,61651.61
BTC,EUR,2024-07-19,61283.57
BTC,EUR,2024-07-18,58699.58
BTC,EUR,2024-07-17,58600.56
BTC,EUR,2024-07-16,59699.03
BTC,EUR,2024-07-15,59432.32
BTC,EUR,2024-07-14,55876.86
BTC,EUR,2024-07-13,54274.18
BTC,EUR,2024-07-12,53109.92
BTC,EUR,2024-07-11,52728.22
BTC,EUR,2024-07-10,53276.98
BTC,EUR,2024-07-09,53631.95
BTC,EUR,2024-07-08,52254.91
BTC,EUR,2024-07-07,51589.15
BTC,EUR,2024-07-06,53664.51
BTC,EUR,2024-07-05,52271.97
BTC,EUR,2024-07-04,52790.43
BTC,EUR,2024-07-03,55766.78
BTC,EUR,2024-07-02,57733.05
BTC,EUR,2024-07-01,58527.56
BTC,EUR,2024-06-30,58407.41
BTC,EUR,2024-06-29,56888.03
BTC,EUR,2024-06-28,56344.17
BTC,EUR,2024-06-27,57545.9
BTC,EUR,2024-06-26,56935.04
BTC,EUR,2024-06-25,57713.87
BTC,EUR,2024-06-24,56186.44
BTC,EUR,2024-06-23,59107.12
BTC,EUR,2024-06-22,59992.1
BTC,EUR,2024-06-21,59987.59
BTC,EUR,2024-06-20,60550.86
BTC,EUR,2024-06-19,60456.22
BTC,EUR,2024-06-18,60685.06
BTC,EUR,2024-06-17,61904.82
BTC,EUR,2024-06-16,62262.17
BTC,EUR,2024-06-15,61829.19
BTC,EUR,2024-06-14,61747.33
BTC,EUR,2024-06-13,62171.28
BTC,EUR,2024-06-12,63140.41
BTC,EUR,2024-06-11,62726.38
BTC,EUR,2024-06-10,64535.72
BTC,EUR,2024-06-09,64648.18
BTC,EUR,2024-06-08,64278.15
BTC,EUR,2024-06-07,64258.71
BTC,EUR,2024-06-06,64984.68
BTC,EUR,2024-06-05,65357.71
BTC,EUR,2024-06-04,64777.18
BTC,EUR,2024-06-03,63080.7
BTC,EUR,2024-06-02,62452.47
BTC,EUR,2024-06-01,62441.25
BTC,EUR,2024-05-31,62230.86
BTC,EUR,2024-05-30,63095.75
BTC,EUR,2024-05-29,62548.69
BTC,EUR,2024-05-28,62969.8
BTC,EUR,2024-05-27,63872.07
BTC,EUR,2024-05-26,63138.93
BTC,EUR,2024-05-25,63939.25
BTC,EUR,2024-05-24,63232.74
BTC,EUR,2024-05-23,62836.76
BTC,EUR,2024-05-22,63816.0
BTC,EUR,2024-05-21,64375.99
BTC,EUR,2024-05-20,65521.16
BTC,EUR,2024-05-19,60927.75
BTC,EUR,2024-05-18,61579.64
BTC,EUR,2024-05-17,61687.99
BTC,EUR,2024-05-16,60018.57
BTC,EUR,2024-05-15,60777.05
BTC,EUR,2024-05-14,56924.05
BTC,EUR,2024-05-13,58293.8
BTC,EUR,2024-05-12,57075.98
BTC,EUR,2024-05-11,56496.94
BTC,EUR,2024-05-10,56514.18
BTC,EUR,2024-05-09,58521.43
BTC,EUR,2024-05-08,56949.08
BTC,EUR,2024-05-07,57961.38
BTC,EUR,2024-05-06,58681.47
BTC,EUR,2024-05-05,59506.98
BTC,EUR,2024-05-04,59392.98
BTC,EUR,2024-05-03,58507.14
BTC,EUR,2024-05-02,55082.13
BTC,EUR,2024-05-01,54372.6
BTC,EUR,2024-04-30,56852.18
BTC,EUR,2024-04-29,59549.34
BTC,EUR,2024-04-28,58947.56
BTC,EUR,2024-04-27,59364.4
BTC,EUR,2024-04-26,59635.8
BTC,EUR,2024-04-25,60126.24
BTC,EUR,2024-04-24,60083.17
BTC,EUR,2024-04-23,62068.17
BTC,EUR,2024-04-22,62755.47
BTC,EUR,2024-04-21,60953.54
BTC,EUR,2024-04-20,61075.19
BTC,EUR,2024-04-19,59991.74
BTC,EUR,2024-04-18,59694.8
BTC,EUR,2024-04-17,57485.91
BTC,EUR,2024-04-16,60117.86
BTC,EUR,2024-04-15,59747.5
BTC,EUR,2024-04-14,61867.6
BTC,EUR,2024-04-13,61007.42
BTC,EUR,2024-04-12,63328.63
BTC,EUR,2024-04-11,65278.57
BTC,EUR,2024-04-10,65761.16
BTC,EUR,2024-04-09,63710.86
BTC,EUR,2024-04-08,65914.02
BTC,EUR,2024-04-07,64048.85
BTC,EUR,2024-04-06,63613.31
BTC,EUR,2024-04-05,62635.57
BTC,EUR,2024-04-04,63262.09
BTC,EUR,2024-04-03,60944.89
BTC,EUR,2024-04-02,60853.75
BTC,EUR,2024-04-01,64909.14
BTC,EUR,2024-03-31,66099.78
BTC,EUR,2024-03-30,64567.04
BTC,EUR,2024-03-29,64804.53
BTC,EUR,2024-03-28,65616.11
BTC,EUR,2024-03-27,64187.14
BTC,EUR,2024-03-26,64578.78
BTC,EUR,2024-03-25,64434.81
BTC,EUR,2024-03-24,62197.99
BTC,EUR,2024-03-23,59270.27
BTC,EUR,2024-03-22,59092.76
BTC,EUR,2024-03-21,60311.85
BTC,EUR,2024-03-20,62104.86
BTC,EUR,2024-03-19,56992.73
BTC,EUR,2024-03-18,62167.44
BTC,EUR,2024-03-17,62799.62
BTC,EUR,2024-03-16,59904.06
BTC,EUR,2024-03-15,63873.31
BTC,EUR,2024-03-14,65631.65
BTC,EUR,2024-03-13,66772.14
BTC,EUR,2024-03-12,65424.91
BTC,EUR,2024-03-11,65689.34
BTC,EUR,2024-03-10,63064.25
BTC,EUR,2024-03-09,62553.18
BTC,EUR,2024-03-08,62408.25
BTC,EUR,2024-03-07,61027.58
BTC,EUR,2024-03-06,60629.09
BTC,EUR,2024-03-05,58821.41
BTC,EUR,2024-03-04,62779.25
BTC,EUR,2024-03-03,58227.89
BTC,EUR,2024-03-02,57211.22
BTC,EUR,2024-03-01,57572.75
BTC,EUR,2024-02-29,56477.23
BTC,EUR,2024-02-28,57460.8
BTC,EUR,2024-02-27,52587.36
BTC,EUR,2024-02-26,49979.74
BTC,EUR,2024-02-25,47803.84
BTC,EUR,2024-02-24,47632.45
BTC,EUR,2024-02-23,46873.1
BTC,EUR,2024-02-22,47359.21
BTC,EUR,2024-02-21,47938.43
BTC,EUR,2024-02-20,48364.32
BTC,EUR,2024-02-19,48056.14
BTC,EUR,2024-02-18,48354.0
BTC,EUR,2024-02-17,47959.18
BTC,EUR,2024-02-16,48405.14
BTC,EUR,2024-02-15,48194.01
BTC,EUR,2024-02-14,48300.68
BTC,EUR,2024-02-13,46434.8
BTC,EUR,2024-02-12,46210.59
BTC,EUR,2024-02-11,44552.73
BTC,EUR,2024-02-10,44027.18
BTC,EUR,2024-02-09,43124.72
BTC,EUR,2024-02-08,42012.5
BTC,EUR,2024-02-07,41128.84
BTC,EUR,2024-02-06,40065.55
BTC,EUR,2024-02-05,39731.54
BTC,EUR,2024-02-04,39489.16
BTC,EUR,2024-02-03,39852.73
BTC,EUR,2024-02-02,40012.45
BTC,EUR,2024-02-01,39621.22
BTC,EUR,2024-01-31,39410.58
BTC,EUR,2024-01-30,39633.57
BTC,EUR,2024-01-29,39975.64
BTC,EUR,2024-01-28,38770.89
BTC,EUR,2024-01-27,38857.09
BTC,EUR,2024-01-26,38562.87
BTC,EUR,2024-01-25,36855.82
BTC,EUR,2024-01-24,36845.18
BTC,EUR,2024-01-23,36765.32
BTC,EUR,2024-01-22,36345.19
BTC,EUR,2024-01-21,38178.38
BTC,EUR,2024-01-20,38283.48
BTC,EUR,2024-01-19,38236.24
BTC,EUR,2024-01-18,37988.66
BTC,EUR,2024-01-17,39272.26
BTC,EUR,2024-01-16,39685.64
BTC,EUR,2024-01-15,38856.28
BTC,EUR,2024-01-14,38127.68
BTC,EUR,2024-01-13,39207.07
BTC,EUR,2024-01-12,39146.18
BTC,EUR,2024-01-11,42227.19
BTC,EUR,2024-01-10,42576.83
BTC,EUR,2024-01-09,42224.79
BTC,EUR,2024-01-08,42919.85
BTC,EUR,2024-01-07,40205.88
BTC,EUR,2024-01-06,40264.14
BTC,EUR,2024-01-05,40424.44
BTC,EUR,2024-01-04,40412.75
BTC,EUR,2024-01-03,39332.21
BTC,EUR,2024-01-02,41120.45
BTC,EUR,2024-01-01,40090.38
BTC,EUR,2023-12-31,38427.75
BTC,EUR,2023-12-30,38278.51
BTC,EUR,2023-12-29,38217.53
BTC,EUR,2023-12-28,38495.0
BTC,EUR,2023-12-27,39151.63
BTC,EUR,2023-12-26,38530.92
BTC,EUR,2023-12-25,39582.57
BTC,EUR,2023-12-24,39172.06
BTC,EUR,2023-12-23,39813.94
BTC,EUR,2023-12-22,39996.65
BTC,EUR,2023-12-21,39875.32
BTC,EUR,2023-12-20,39880.0
BTC,EUR,2023-12-19,38510.52
BTC,EUR,2023-12-18,39057.89
BTC,EUR,2023-12-17,37973.04
BTC,EUR,2023-12-16,38830.1
BTC,EUR,2023-12-15,38518.78
BTC,EUR,2023-12-14,39159.64
BTC,EUR,2023-12-13,39426.25
BTC,EUR,2023-12-12,38422.5
BTC,EUR,2023-12-11,38307.12
BTC,EUR,2023-12-10,40704.5
BTC,EUR,2023-12-09,40651.9
BTC,EUR,2023-12-08,41084.98
BTC,EUR,2023-12-07,40148.8
BTC,EUR,2023-12-06,40656.41
BTC,EUR,2023-12-05,40837.97
BTC,EUR,2023-12-04,38746.88
BTC,EUR,2023-12-03,36728.86
BTC,EUR,2023-12-02,36258.07
BTC,EUR,2023-12-01,35572.65
BTC,EUR,2023-11-30,34650.23
BTC,EUR,2023-11-29,34520.35
BTC,EUR,2023-11-28,34393.59
BTC,EUR,2023-11-27,34010.38
BTC,EUR,2023-11-26,34259.11
BTC,EUR,2023-11-25,34580.97
BTC,EUR,2023-11-24,34505.89
BTC,EUR,2023-11-23,34224.49
BTC,EUR,2023-11-22,34375.45
BTC,EUR,2023-11-21,32767.42
BTC,EUR,2023-11-20,34265.66
BTC,EUR,2023-11-19,34296.05
BTC,EUR,2023-11-18,33587.35
BTC,EUR,2023-11-17,33610.55
BTC,EUR,2023-11-16,33346.16
BTC,EUR,2023-11-15,34916.07
BTC,EUR,2023-11-14,32706.47
BTC,EUR,2023-11-13,34106.01
BTC,EUR,2023-11-12,34720.75
BTC,EUR,2023-11-11,34813.24
BTC,EUR,2023-11-10,34935.96
BTC,EUR,2023-11-09,34434.72
BTC,EUR,2023-11-08,33282.19
BTC,EUR,2023-11-07,33129.51
BTC,EUR,2023-11-06,32715.25
BTC,EUR,2023-11-05,32679.12
BTC,EUR,2023-11-04,32743.52
BTC,EUR,2023-11-03,32402.37
BTC,EUR,2023-11-02,32932.61
BTC,EUR,2023-11-01,33478.01
BTC,EUR,2023-10-31,32769.07
BTC,EUR,2023-10-30,32508.63
BTC,EUR,2023-10-29,32701.44
BTC,EUR,2023-10-28,32280.8
BTC,EUR,2023-10-27,32086.23
BTC,EUR,2023-10-26,32332.74
BTC,EUR,2023-10-25,32671.15
BTC,EUR,2023-10-24,32017.0
BTC,EUR,2023-10-23,31013.55
BTC,EUR,2023-10-22,28313.97
BTC,EUR,2023-10-21,28233.29
ETH,EUR,2024-10-04,2121.26
ETH,EUR,2024-10-03,2129.37
ETH,EUR,2024-10-02,2139.96
ETH,EUR,2024-10-01,2210.21
ETH,EUR,2024-09-30,2336.43
ETH,EUR,2024-09-29,2380.39
ETH,EUR,2024-09-28,2396.32
ETH,EUR,2024-09-27,2415.77
ETH,EUR,2024-09-26,2356.07
ETH,EUR,2024-09-25,2318.0
ETH,EUR,2024-09-24,2370.7
ETH,EUR,2024-09-23,2383.03
ETH,EUR,2024-09-22,2314.01
ETH,EUR,2024-09-21,2341.31
ETH,EUR,2024-09-20,2296.03
ETH,EUR,2024-09-19,2208.17
ETH,EUR,2024-09-18,2136.34
ETH,EUR,2024-09-17,2106.05
ETH,EUR,2024-09-16,2062.82
ETH,EUR,2024-09-15,2089.48
ETH,EUR,2024-09-14,2182.46
ETH,EUR,2024-09-13,2203.8
ETH,EUR,2024-09-12,2133.04
ETH,EUR,2024-09-11,2126.18
ETH,EUR,2024-09-10,2167.45
ETH,EUR,2024-09-09,2139.09
ETH,EUR,2024-09-08,2073.56
ETH,EUR,2024-09-07,2053.78
ETH,EUR,2024-09-06,2011.44
ETH,EUR,2024-09-05,2131.95
ETH,EUR,2024-09-04,2212.38
ETH,EUR,2024-09-03,2195.36
ETH,EUR,2024-09-02,2293.84
ETH,EUR,2024-09-01,2198.68
ETH,EUR,2024-08-31,2275.55
ETH,EUR,2024-08-30,2288.15
ETH,EUR,2024-08-29,2282.79
ETH,EUR,2024-08-28,2273.04
ETH,EUR,2024-08-27,2200.5
ETH,EUR,2024-08-26,2401.77
ETH,EUR,2024-08-25,2454.54
ETH,EUR,2024-08-24,2471.05
ETH,EUR,2024-08-23,2472.51
ETH,EUR,2024-08-22,2360.83
ETH,EUR,2024-08-21,2358.77
ETH,EUR,2024-08-20,2313.84
ETH,EUR,2024-08-19,2379.57
ETH,EUR,2024-08-18,2370.29
ETH,EUR,2024-08-17,2373.27
ETH,EUR,2024-08-16,2354.24
ETH,EUR,2024-08-15,2343.93
ETH,EUR,2024-08-14,2418.97
ETH,EUR,2024-08-13,2459.81
ETH,EUR,2024-08-12,2490.78
ETH,EUR,2024-08-11,2341.79
ETH,EUR,2024-08-10,2393.23
ETH,EUR,2024-08-09,2384.07
ETH,EUR,2024-08-08,2460.39
ETH,EUR,2024-08-07,2145.79
ETH,EUR,2024-08-06,2257.52
ETH,EUR,2024-08-05,2212.78
ETH,EUR,2024-08-04,2464.46
ETH,EUR,2024-08-03,2665.13
ETH,EUR,2024-08-02,2739.54
ETH,EUR,2024-08-01,2967.97
ETH,EUR,2024-07-31,2987.01
ETH,EUR,2024-07-30,3031.23
ETH,EUR,2024-07-29,3067.4
ETH,EUR,2024-07-28,3012.12
ETH,EUR,2024-07-27,2990.27
ETH,EUR,2024-07-26,3017.08
ETH,EUR,2024-07-25,2926.5
ETH,EUR,2024-07-24,3078.73
ETH,EUR,2024-07-23,3210.0
ETH,EUR,2024-07-22,3159.37
ETH,EUR,2024-07-21,3243.51
ETH,EUR,2024-07-20,3229.45
ETH,EUR,2024-07-19,3220.21
ETH,EUR,2024-07-18,3143.65
ETH,EUR,2024-07-17,3097.83
ETH,EUR,2024-07-16,3160.15
ETH,EUR,2024-07-15,3198.35
ETH,EUR,2024-07-14,2982.06
ETH,EUR,2024-07-13,2910.52
ETH,EUR,2024-07-12,2874.91
ETH,EUR,2024-07-11,2850.21
ETH,EUR,2024-07-10,2862.28
ETH,EUR,2024-07-09,2834.23
ETH,EUR,2024-07-08,2782.21
ETH,EUR,2024-07-07,2707.17
ETH,EUR,2024-07-06,2826.44
ETH,EUR,2024-07-05,2751.9
ETH,EUR,2024-07-04,2830.78
ETH,EUR,2024-07-03,3050.81
ETH,EUR,2024-07-02,3179.79
ETH,EUR,2024-07-01,3203.23
ETH,EUR,2024-06-30,3198.52
ETH,EUR,2024-06-29,3151.76
ETH,EUR,2024-06-28,3151.78
ETH,EUR,2024-06-27,3218.62
ETH,EUR,2024-06-26,3153.54
ETH,EUR,2024-06-25,3169.62
ETH,EUR,2024-06-24,3122.72
ETH,EUR,2024-06-23,3198.7
ETH,EUR,2024-06-22,3263.59
ETH,EUR,2024-06-21,3291.08
ETH,EUR,2024-06-20,3280.82
ETH,EUR,2024-06-19,3314.04
ETH,EUR,2024-06-18,3244.27
ETH,EUR,2024-06-17,3268.48
ETH,EUR,2024-06-16,3385.25
ETH,EUR,2024-06-15,3332.63
ETH,EUR,2024-06-14,3255.32
ETH,EUR,2024-06-13,3231.19
ETH,EUR,2024-06-12,3292.58
ETH,EUR,2024-06-11,3257.89
ETH,EUR,2024-06-10,3404.34
ETH,EUR,2024-06-09,3440.31
ETH,EUR,2024-06-08,3414.43
ETH,EUR,2024-06-07,3408.3
ETH,EUR,2024-06-06,3500.11
ETH,EUR,2024-06-05,3553.19
ETH,EUR,2024-06-04,3499.15
ETH,EUR,2024-06-03,3454.14
ETH,EUR,2024-06-02,3484.69
ETH,EUR,2024-06-01,3515.47
ETH,EUR,2024-05-31,3466.73
ETH,EUR,2024-05-30,3459.72
ETH,EUR,2024-05-29,3483.14
ETH,EUR,2024-05-28,3540.26
ETH,EUR,2024-05-27,3581.75
ETH,EUR,2024-05-26,3526.15
ETH,EUR,2024-05-25,3458.95
ETH,EUR,2024-05-24,3439.45
ETH,EUR,2024-05-23,3499.17
ETH,EUR,2024-05-22,3450.91
ETH,EUR,2024-05-21,3477.77
ETH,EUR,2024-05-20,3357.19
ETH,EUR,2024-05-19,2823.47
ETH,EUR,2024-05-18,2874.77
ETH,EUR,2024-05-17,2845.67
ETH,EUR,2024-05-16,2709.71
ETH,EUR,2024-05-15,2784.52
ETH,EUR,2024-05-14,2663.98
ETH,EUR,2024-05-13,2733.55
ETH,EUR,2024-05-12,2719.32
ETH,EUR,2024-05-11,2705.91
ETH,EUR,2024-05-10,2705.13
ETH,EUR,2024-05-09,2817.04
ETH,EUR,2024-05-08,2767.8
ETH,EUR,2024-05-07,2796.43
ETH,EUR,2024-05-06,2844.1
ETH,EUR,2024-05-05,2915.95
ETH,EUR,2024-05-04,2897.81
ETH,EUR,2024-05-03,2886.65
ETH,EUR,2024-05-02,2783.99
ETH,EUR,2024-05-01,2770.12
ETH,EUR,2024-04-30,2823.98
ETH,EUR,2024-04-29,3000.35
ETH,EUR,2024-04-28,3047.19
ETH,EUR,2024-04-27,3045.29
ETH,EUR,2024-04-26,2928.48
ETH,EUR,2024-04-25,2943.3
ETH,EUR,2024-04-24,2935.5
ETH,EUR,2024-04-23,3008.18
ETH,EUR,2024-04-22,3005.69
ETH,EUR,2024-04-21,2956.07
ETH,EUR,2024-04-20,2967.94
ETH,EUR,2024-04-19,2872.72
ETH,EUR,2024-04-18,2881.98
ETH,EUR,2024-04-17,2800.61
ETH,EUR,2024-04-16,2906.68
ETH,EUR,2024-04-15,2921.33
ETH,EUR,2024-04-14,2971.05
ETH,EUR,2024-04-13,2870.8
ETH,EUR,2024-04-12,3057.62
ETH,EUR,2024-04-11,3265.99
ETH,EUR,2024-04-10,3300.57
ETH,EUR,2024-04-09,3230.2
ETH,EUR,2024-04-08,3397.93
ETH,EUR,2024-04-07,3189.65
ETH,EUR,2024-04-06,3094.49
ETH,EUR,2024-04-05,3063.58
ETH,EUR,2024-04-04,3074.28
ETH,EUR,2024-04-03,3059.83
ETH,EUR,2024-04-02,3048.57
ETH,EUR,2024-04-01,3265.92
ETH,EUR,2024-03-31,3379.9
ETH,EUR,2024-03-30,3254.3
ETH,EUR,2024-03-29,3255.18
ETH,EUR,2024-03-28,3299.22
ETH,EUR,2024-03-27,3235.42
ETH,EUR,2024-03-26,3310.44
ETH,EUR,2024-03-25,3310.65
ETH,EUR,2024-03-24,3196.4
ETH,EUR,2024-03-23,3085.44
ETH,EUR,2024-03-22,3090.19
ETH,EUR,2024-03-21,3216.5
ETH,EUR,2024-03-20,3217.21
ETH,EUR,2024-03-19,2906.75
ETH,EUR,2024-03-18,3237.7
ETH,EUR,2024-03-17,3347.01
ETH,EUR,2024-03-16,3231.68
ETH,EUR,2024-03-15,3439.54
ETH,EUR,2024-03-14,3567.47
ETH,EUR,2024-03-13,3659.79
ETH,EUR,2024-03-12,3643.12
ETH,EUR,2024-03-11,3705.66
ETH,EUR,2024-03-10,3548.0
ETH,EUR,2024-03-09,3574.53
ETH,EUR,2024-03-08,3557.44
ETH,EUR,2024-03-07,3533.92
ETH,EUR,2024-03-06,3503.65
ETH,EUR,2024-03-05,3280.58
ETH,EUR,2024-03-04,3335.19
ETH,EUR,2024-03-03,3217.39
ETH,EUR,2024-03-02,3158.48
ETH,EUR,2024-03-01,3168.5
ETH,EUR,2024-02-29,3085.93
ETH,EUR,2024-02-28,3114.39
ETH,EUR,2024-02-27,2990.14
ETH,EUR,2024-02-26,2913.37
ETH,EUR,2024-02-25,2876.9
ETH,EUR,2024-02-24,2763.76
ETH,EUR,2024-02-23,2699.36
ETH,EUR,2024-02-22,2743.38
ETH,EUR,2024-02-21,2744.15
ETH,EUR,2024-02-20,2789.57
ETH,EUR,2024-02-19,2733.19
ETH,EUR,2024-02-18,2673.13
ETH,EUR,2024-02-17,2586.99
ETH,EUR,2024-02-16,2602.6
ETH,EUR,2024-02-15,2622.16
ETH,EUR,2024-02-14,2587.58
ETH,EUR,2024-02-13,2467.35
ETH,EUR,2024-02-12,2462.15
ETH,EUR,2024-02-11,2312.86
ETH,EUR,2024-02-10,2305.99
ETH,EUR,2024-02-09,2275.38
ETH,EUR,2024-02-08,2244.88
ETH,EUR,2024-02-07,2248.65
ETH,EUR,2024-02-06,2205.19
ETH,EUR,2024-02-05,2141.5
ETH,EUR,2024-02-04,2123.56
ETH,EUR,2024-02-03,2127.6
ETH,EUR,2024-02-02,2138.82
ETH,EUR,2024-02-01,2118.61
ETH,EUR,2024-01-31,2112.88
ETH,EUR,2024-01-30,2162.58
ETH,EUR,2024-01-29,2139.66
ETH,EUR,2024-01-28,2081.62
ETH,EUR,2024-01-27,2091.74
ETH,EUR,2024-01-26,2090.66
ETH,EUR,2024-01-25,2045.02
ETH,EUR,2024-01-24,2053.89
ETH,EUR,2024-01-23,2065.66
ETH,EUR,2024-01-22,2124.44
ETH,EUR,2024-01-21,2255.41
ETH,EUR,2024-01-20,2269.74
ETH,EUR,2024-01-19,2286.91
ETH,EUR,2024-01-18,2270.49
ETH,EUR,2024-01-17,2323.55
ETH,EUR,2024-01-16,2379.36
ETH,EUR,2024-01-15,2295.4
ETH,EUR,2024-01-14,2259.88
ETH,EUR,2024-01-13,2358.11
ETH,EUR,2024-01-12,2308.55
ETH,EUR,2024-01-11,2385.41
ETH,EUR,2024-01-10,2358.1
ETH,EUR,2024-01-09,2147.73
ETH,EUR,2024-01-08,2130.61
ETH,EUR,2024-01-07,2033.24
ETH,EUR,2024-01-06,2052.23
ETH,EUR,2024-01-05,2077.47
ETH,EUR,2024-01-04,2074.83
ETH,EUR,2024-01-03,2028.73
ETH,EUR,2024-01-02,2154.44
ETH,EUR,2024-01-01,2133.63
ETH,EUR,2023-12-31,2072.87
ETH,EUR,2023-12-30,2081.03
ETH,EUR,2023-12-29,2088.68
ETH,EUR,2023-12-28,2120.13
ETH,EUR,2023-12-27,2144.35
ETH,EUR,2023-12-26,2021.58
ETH,EUR,2023-12-25,2062.52
ETH,EUR,2023-12-24,2063.32
ETH,EUR,2023-12-23,2103.82
ETH,EUR,2023-12-22,2114.32
ETH,EUR,2023-12-21,2036.14
ETH,EUR,2023-12-20,2011.15
ETH,EUR,2023-12-19,1984.21
ETH,EUR,2023-12-18,2032.19
ETH,EUR,2023-12-17,2015.14
ETH,EUR,2023-12-16,2047.0
ETH,EUR,2023-12-15,2039.66
ETH,EUR,2023-12-14,2107.08
ETH,EUR,2023-12-13,2078.42
ETH,EUR,2023-12-12,2040.5
ETH,EUR,2023-12-11,2067.0
ETH,EUR,2023-12-10,2186.25
ETH,EUR,2023-12-09,2176.79
ETH,EUR,2023-12-08,2193.12
ETH,EUR,2023-12-07,2184.39
ETH,EUR,2023-12-06,2074.67
ETH,EUR,2023-12-05,2124.49
ETH,EUR,2023-12-04,2070.3
ETH,EUR,2023-12-03,2015.29
ETH,EUR,2023-12-02,1989.24
ETH,EUR,2023-12-01,1919.17
ETH,EUR,2023-11-30,1885.38
ETH,EUR,2023-11-29,1850.17
ETH,EUR,2023-11-28,1862.71
ETH,EUR,2023-11-27,1851.1
ETH,EUR,2023-11-26,1886.89
ETH,EUR,2023-11-25,1906.34
ETH,EUR,2023-11-24,1904.01
ETH,EUR,2023-11-23,1892.38
ETH,EUR,2023-11-22,1895.93
ETH,EUR,2023-11-21,1772.17
ETH,EUR,2023-11-20,1849.19
ETH,EUR,2023-11-19,1846.59
ETH,EUR,2023-11-18,1802.25
ETH,EUR,2023-11-17,1800.26
ETH,EUR,2023-11-16,1809.31
ETH,EUR,2023-11-15,1898.89
ETH,EUR,2023-11-14,1820.7
ETH,EUR,2023-11-13,1920.68
ETH,EUR,2023-11-12,1915.58
ETH,EUR,2023-11-11,1925.31
ETH,EUR,2023-11-10,1946.63
ETH,EUR,2023-11-09,1988.95
ETH,EUR,2023-11-08,1763.9
ETH,EUR,2023-11-07,1765.28
ETH,EUR,2023-11-06,1774.99
ETH,EUR,2023-11-05,1765.82
ETH,EUR,2023-11-04,1732.77
ETH,EUR,2023-11-03,1710.46
ETH,EUR,2023-11-02,1697.24
ETH,EUR,2023-11-01,1745.47
ETH,EUR,2023-10-31,1716.75
ETH,EUR,2023-10-30,1705.65
ETH,EUR,2023-10-29,1700.51
ETH,EUR,2023-10-28,1682.22
ETH,EUR,2023-10-27,1684.12
ETH,EUR,2023-10-26,1707.13
ETH,EUR,2023-10-25,1692.4
ETH,EUR,2023-10-24,1684.88
ETH,EUR,2023-10-23,1655.42
ETH,EUR,2023-10-22,1570.74
ETH,EUR,2023-10-21,1537.27
